SNP,XGBoost Importance
rs139779037,0.00103672
rs9257331,0.000906496
rs7815859,0.000858197
rs1378044,0.000846387
rs1454606,0.000827904
rs10098073,0.000821749
rs11575895,0.000818032
rs6563104,0.000810675
rs9344821,0.000799691
rs9276171,0.000799439
rs6496568,0.000790328
rs36051652,0.000774503
rs9840126,0.000771604
rs2056481,0.000770983
rs28627651,0.000763285
rs7297888,0.000763249
rs7444191,0.00075803
rs1976566,0.000752668
rs9295773,0.000745897
rs1058305,0.000742087
rs3857706,0.000736754
rs6027559,0.000736359
rs219847,0.000736335
rs3094121,0.000732348
rs8182016,0.000719005
rs9869999,0.000717413
rs740346,0.00071314
rs9601240,0.00068196
rs9611519,0.000680682
rs2242665,0.000675531
rs6933583,0.000674725
rs2244193,0.0006696
rs61973701,0.000660853
rs10092090,0.000657996
rs12905487,0.000651272
rs35921969,0.000650155
rs564056,0.000649296
rs2529489,0.000641047
rs1484141,0.000625916
rs217300,0.000583112
rs1564576,0.000559927
rs3131898,0.00055281
rs9819763,0.000545149
rs11717960,0.000536053
rs524908,0.000528253
rs6859397,0.00051209
rs17455625,0.00051188
rs2425369,0.000508314
rs10183553,0.000482267
rs79652218,0.000310511
